Date;Time;Pressure Inside;Pressure Outside;Pressure Left Side;Pressure Right Side
2025-10-11;00:00:29;0.006;0.006;0.102;0.052
2025-10-11;00:01:29;0.006;0.006;0.102;0.056
2025-10-11;00:02:29;0.008;0.008;0.1;0.058
2025-10-11;00:03:29;0.007;0.008;0.102;0.055
2025-10-11;00:04:29;0.006;0.008;0.102;0.052
2025-10-11;00:05:29;0.009;0.009;0.105;0.054
2025-10-11;00:06:30;0.011;0.012;0.102;0.056
2025-10-11;00:07:30;0.007;0.007;0.103;0.054
2025-10-11;00:08:30;0.007;0.006;0.101;0.056
2025-10-11;00:09:30;0.007;0.008;0.102;0.056
2025-10-11;00:10:30;0.008;0.01;0.102;0.055
2025-10-11;00:11:30;0.007;0.009;0.102;0.055
2025-10-11;00:12:30;0.009;0.01;0.102;0.056
2025-10-11;00:13:30;0.007;0.009;0.103;0.053
2025-10-11;00:14:31;0.01;0.01;0.103;0.058
2025-10-11;00:15:31;0.01;0.011;0.104;0.055
2025-10-11;00:16:31;0.005;0.006;0.104;0.055
2025-10-11;00:17:31;0.006;0.005;0.102;0.057
2025-10-11;00:18:31;0.005;0.005;0.107;0.058
2025-10-11;00:19:31;0.007;0.007;0.105;0.058
2025-10-11;00:20:31;0.008;0.008;0.102;0.06
2025-10-11;00:21:31;0.006;0.005;0.102;0.058
2025-10-11;00:22:32;0.006;0.007;0.103;0.058
2025-10-11;00:23:32;0.01;0.01;0.101;0.058
2025-10-11;00:24:32;0.008;0.009;0.105;0.059
2025-10-11;00:25:32;0.009;0.009;0.103;0.059
2025-10-11;00:26:32;0.012;0.012;0.106;0.059
2025-10-11;00:27:32;0.009;0.008;0.104;0.059
2025-10-11;00:28:32;0.009;0.009;0.105;0.061
2025-10-11;00:29:32;0.011;0.012;0.106;0.06
2025-10-11;00:30:32;0.007;0.007;0.106;0.059
2025-10-11;00:31:33;0.006;0.006;0.107;0.059
2025-10-11;00:32:33;0.013;0.012;0.107;0.059
2025-10-11;00:33:33;0.009;0.009;0.108;0.059
2025-10-11;00:34:33;0.012;0.013;0.107;0.06
2025-10-11;00:35:33;0.006;0.007;0.101;0.059
2025-10-11;00:36:33;0.007;0.007;0.104;0.06
2025-10-11;00:37:33;0.011;0.012;0.105;0.059
2025-10-11;00:38:33;0.006;0.006;0.104;0.06
2025-10-11;00:39:34;0.009;0.009;0.11;0.06
2025-10-11;00:40:34;0.005;0.006;0.108;0.063
2025-10-11;00:41:34;0.005;0.006;0.107;0.061
2025-10-11;00:42:34;0.006;0.007;0.108;0.06
2025-10-11;00:43:34;0.007;0.008;0.109;0.063
2025-10-11;00:44:34;0.006;0.007;0.106;0.065
2025-10-11;00:45:34;0.006;0.006;0.111;0.064
2025-10-11;00:46:34;0.013;0.012;0.106;0.065
2025-10-11;00:47:35;0.008;0.009;0.111;0.064
2025-10-11;00:48:35;0.012;0.012;0.109;0.063
2025-10-11;00:49:35;0.005;0.006;0.109;0.061
2025-10-11;00:50:35;0.01;0.009;0.109;0.065
2025-10-11;00:51:35;0.007;0.008;0.108;0.063
2025-10-11;00:52:35;0.011;0.012;0.107;0.066
2025-10-11;00:53:35;0.006;0.006;0.109;0.066
2025-10-11;00:54:35;0.008;0.01;0.11;0.062
2025-10-11;00:55:35;0.007;0.006;0.108;0.064
2025-10-11;00:56:36;0.009;0.009;0.108;0.064
2025-10-11;00:57:36;0.009;0.009;0.11;0.066
2025-10-11;00:58:36;0.008;0.009;0.107;0.063
2025-10-11;00:59:36;0.01;0.009;0.111;0.063
2025-10-11;01:00:36;0.01;0.01;0.111;0.065
2025-10-11;01:01:36;0.007;0.008;0.111;0.063
2025-10-11;01:02:36;0.012;0.012;0.11;0.063
2025-10-11;01:03:36;0.005;0.006;0.111;0.065
2025-10-11;01:04:37;0.006;0.008;0.108;0.064
2025-10-11;01:05:37;0.01;0.008;0.109;0.064
2025-10-11;01:06:37;0.007;0.007;0.108;0.066
2025-10-11;01:07:37;0.009;0.009;0.108;0.067
2025-10-11;01:08:37;0.006;0.007;0.11;0.063
2025-10-11;01:09:37;0.012;0.012;0.111;0.066
2025-10-11;01:10:37;0.009;0.01;0.109;0.066
2025-10-11;01:11:37;0.008;0.009;0.113;0.066
2025-10-11;01:12:38;0.007;0.008;0.11;0.066
2025-10-11;01:13:38;0.012;0.012;0.112;0.068
2025-10-11;01:14:38;0.009;0.01;0.11;0.066
2025-10-11;01:15:38;0.008;0.008;0.109;0.067
2025-10-11;01:16:38;0.01;0.01;0.109;0.066
2025-10-11;01:17:38;0.011;0.011;0.111;0.066
2025-10-11;01:18:38;0.006;0.006;0.112;0.066
2025-10-11;01:19:38;0.006;0.006;0.109;0.069
2025-10-11;01:20:38;0.013;0.011;0.112;0.066
2025-10-11;01:21:39;0.01;0.01;0.111;0.066
2025-10-11;01:22:39;0.009;0.009;0.111;0.065
2025-10-11;01:23:39;0.009;0.009;0.111;0.07
2025-10-11;01:24:39;0.007;0.007;0.112;0.067
2025-10-11;01:25:39;0.009;0.008;0.114;0.068
2025-10-11;01:26:39;0.007;0.008;0.112;0.066
2025-10-11;01:27:39;0.007;0.008;0.111;0.069
2025-10-11;01:28:39;0.008;0.009;0.112;0.07
2025-10-11;01:29:40;0.007;0.008;0.114;0.069
2025-10-11;01:30:40;0.007;0.008;0.112;0.072
2025-10-11;01:31:40;0.011;0.01;0.114;0.068
2025-10-11;01:32:40;0.01;0.009;0.111;0.072
2025-10-11;01:33:40;0.006;0.006;0.114;0.068
2025-10-11;01:34:40;0.009;0.009;0.115;0.071
2025-10-11;01:35:40;0.008;0.008;0.115;0.07
2025-10-11;01:36:40;0.006;0.008;0.115;0.071
2025-10-11;01:37:41;0.004;0.006;0.115;0.072
2025-10-11;01:38:41;0.009;0.009;0.115;0.073
2025-10-11;01:39:41;0.009;0.009;0.115;0.072
2025-10-11;01:40:41;0.01;0.008;0.116;0.073
2025-10-11;01:41:41;0.009;0.009;0.118;0.074
2025-10-11;01:42:41;0.009;0.009;0.117;0.07
2025-10-11;01:43:41;0.006;0.007;0.114;0.07
2025-10-11;01:44:41;0.009;0.01;0.116;0.073
2025-10-11;01:45:41;0.006;0.007;0.118;0.07
2025-10-11;01:46:42;0.008;0.01;0.114;0.073
2025-10-11;01:47:42;0.005;0.007;0.115;0.072
2025-10-11;01:48:42;0.007;0.008;0.116;0.072
2025-10-11;01:49:42;0.007;0.008;0.118;0.073
2025-10-11;01:50:42;0.009;0.009;0.118;0.073
2025-10-11;01:51:42;0.01;0.011;0.118;0.072
2025-10-11;01:52:42;0.006;0.005;0.121;0.072
2025-10-11;01:53:42;0.009;0.009;0.117;0.071
2025-10-11;01:54:43;0.008;0.009;0.118;0.073
2025-10-11;01:55:43;0.009;0.01;0.118;0.072
2025-10-11;01:56:43;0.008;0.008;0.119;0.072
2025-10-11;01:57:43;0.006;0.007;0.122;0.073
2025-10-11;01:58:43;0.009;0.009;0.115;0.073
2025-10-11;01:59:43;0.01;0.009;0.117;0.071
2025-10-11;02:00:43;0.007;0.008;0.12;0.072
2025-10-11;02:01:43;0.007;0.007;0.118;0.07
2025-10-11;02:02:44;0.007;0.008;0.12;0.07
2025-10-11;02:03:44;0.011;0.012;0.117;0.069
2025-10-11;02:04:44;0.007;0.008;0.115;0.066
2025-10-11;02:05:44;0.006;0.007;0.114;0.069
2025-10-11;02:06:44;0.009;0.009;0.118;0.068
2025-10-11;02:07:44;0.007;0.006;0.117;0.069
2025-10-11;02:08:44;0.009;0.01;0.115;0.07
2025-10-11;02:09:44;0.006;0.006;0.116;0.069
2025-10-11;02:10:44;0.007;0.007;0.12;0.07
2025-10-11;02:11:45;0.006;0.007;0.118;0.071
2025-10-11;02:12:45;0.011;0.011;0.118;0.074
2025-10-11;02:13:45;0.006;0.006;0.116;0.073
2025-10-11;02:14:45;0.006;0.008;0.118;0.071
2025-10-11;02:15:45;0.008;0.007;0.121;0.07
2025-10-11;02:16:45;0.008;0.009;0.118;0.069
2025-10-11;02:17:45;0.01;0.011;0.118;0.073
2025-10-11;02:18:45;0.008;0.009;0.117;0.07
2025-10-11;02:19:46;0.007;0.007;0.119;0.071
2025-10-11;02:20:46;0.01;0.01;0.117;0.071
2025-10-11;02:21:46;0.01;0.012;0.117;0.072
2025-10-11;02:22:46;0.009;0.01;0.119;0.069
2025-10-11;02:23:46;0.009;0.01;0.114;0.068
2025-10-11;02:24:46;0.008;0.009;0.115;0.066
2025-10-11;02:25:46;0.007;0.006;0.116;0.07
2025-10-11;02:26:46;0.006;0.006;0.116;0.067
2025-10-11;02:27:47;0.007;0.006;0.119;0.069
2025-10-11;02:28:47;0.008;0.008;0.115;0.07
2025-10-11;02:29:47;0.009;0.009;0.118;0.069
2025-10-11;02:30:47;0.01;0.012;0.115;0.068
2025-10-11;02:31:47;0.009;0.009;0.118;0.068
2025-10-11;02:32:47;0.01;0.011;0.116;0.067
2025-10-11;02:33:47;0.007;0.007;0.117;0.067
2025-10-11;02:34:47;0.007;0.007;0.117;0.07
2025-10-11;02:35:47;0.01;0.011;0.116;0.069
2025-10-11;02:36:48;0.01;0.01;0.117;0.072
2025-10-11;02:37:48;0.009;0.009;0.116;0.069
2025-10-11;02:38:48;0.011;0.011;0.117;0.068
2025-10-11;02:39:48;0.006;0.008;0.117;0.069
2025-10-11;02:40:48;0.008;0.009;0.119;0.069
2025-10-11;02:41:48;0.008;0.008;0.118;0.073
2025-10-11;02:42:48;0.006;0.005;0.118;0.071
2025-10-11;02:43:48;0.006;0.006;0.117;0.069
2025-10-11;02:44:49;0.01;0.01;0.121;0.069
2025-10-11;02:45:49;0.009;0.009;0.121;0.072
2025-10-11;02:46:49;0.006;0.008;0.121;0.074
2025-10-11;02:47:49;0.012;0.012;0.119;0.073
2025-10-11;02:48:49;0.009;0.009;0.121;0.071
2025-10-11;02:49:49;0.009;0.01;0.119;0.073
2025-10-11;02:50:49;0.006;0.006;0.12;0.071
2025-10-11;02:51:49;0.01;0.009;0.124;0.075
2025-10-11;02:52:50;0.01;0.012;0.118;0.07
2025-10-11;02:53:50;0.007;0.008;0.12;0.07
2025-10-11;02:54:50;0.007;0.007;0.121;0.072
2025-10-11;02:55:50;0.009;0.008;0.122;0.072
2025-10-11;02:56:50;0.009;0.01;0.121;0.073
2025-10-11;02:57:50;0.009;0.01;0.122;0.073
2025-10-11;02:58:50;0.009;0.009;0.122;0.073
2025-10-11;02:59:50;0.006;0.006;0.121;0.073
2025-10-11;03:00:50;0.007;0.008;0.121;0.073
2025-10-11;03:01:51;0.011;0.012;0.121;0.07
2025-10-11;03:02:51;0.011;0.011;0.12;0.072
2025-10-11;03:03:51;0.01;0.012;0.12;0.071
2025-10-11;03:04:51;0.009;0.009;0.121;0.072
2025-10-11;03:05:51;0.008;0.009;0.122;0.072
2025-10-11;03:06:51;0.008;0.007;0.122;0.074
2025-10-11;03:07:51;0.008;0.008;0.122;0.075
2025-10-11;03:08:51;0.006;0.006;0.122;0.073
2025-10-11;03:09:52;0.009;0.009;0.122;0.071
2025-10-11;03:10:52;0.008;0.007;0.122;0.07
2025-10-11;03:11:52;0.008;0.009;0.122;0.071
2025-10-11;03:12:52;0.006;0.006;0.121;0.076
2025-10-11;03:13:52;0.008;0.008;0.121;0.074
2025-10-11;03:14:52;0.008;0.008;0.122;0.074
2025-10-11;03:15:52;0.008;0.008;0.12;0.073
2025-10-11;03:16:52;0.009;0.01;0.124;0.07
2025-10-11;03:17:53;0.009;0.009;0.119;0.072
2025-10-11;03:18:53;0.01;0.011;0.121;0.074
2025-10-11;03:19:53;0.009;0.009;0.122;0.072
2025-10-11;03:20:53;0.006;0.007;0.123;0.073
2025-10-11;03:21:53;0.01;0.012;0.124;0.071
2025-10-11;03:22:53;0.007;0.007;0.121;0.076
2025-10-11;03:23:53;0.008;0.009;0.123;0.076
2025-10-11;03:24:53;0.008;0.008;0.122;0.073
2025-10-11;03:25:53;0.008;0.009;0.124;0.071
2025-10-11;03:26:54;0.008;0.007;0.125;0.072
2025-10-11;03:27:54;0.011;0.012;0.121;0.074
2025-10-11;03:28:54;0.011;0.013;0.123;0.075
2025-10-11;03:29:54;0.009;0.01;0.123;0.077
2025-10-11;03:30:54;0.006;0.005;0.125;0.077
2025-10-11;03:31:54;0.009;0.009;0.124;0.075
2025-10-11;03:32:54;0.007;0.007;0.124;0.073
2025-10-11;03:33:54;0.005;0.006;0.122;0.07
2025-10-11;03:34:55;0.011;0.011;0.121;0.073
2025-10-11;03:35:55;0.005;0.006;0.12;0.075
2025-10-11;03:36:55;0.006;0.006;0.122;0.072
2025-10-11;03:37:55;0.011;0.011;0.124;0.074
2025-10-11;03:38:55;0.009;0.009;0.125;0.077
2025-10-11;03:39:55;0.007;0.008;0.123;0.076
2025-10-11;03:40:55;0.009;0.009;0.122;0.075
2025-10-11;03:41:55;0.01;0.01;0.123;0.077
2025-10-11;03:42:56;0.007;0.007;0.127;0.075
2025-10-11;03:43:56;0.008;0.007;0.123;0.074
2025-10-11;03:44:56;0.009;0.01;0.126;0.077
2025-10-11;03:45:56;0.011;0.013;0.126;0.077
2025-10-11;03:46:56;0.006;0.006;0.124;0.074
2025-10-11;03:47:56;0.011;0.011;0.124;0.077
2025-10-11;03:48:56;0.007;0.007;0.125;0.074
2025-10-11;03:49:56;0.009;0.009;0.121;0.074
2025-10-11;03:50:56;0.007;0.005;0.125;0.074
2025-10-11;03:51:57;0.009;0.009;0.124;0.077
2025-10-11;03:52:57;0.005;0.006;0.123;0.075
2025-10-11;03:53:57;0.009;0.009;0.122;0.079
2025-10-11;03:54:57;0.006;0.006;0.126;0.075
2025-10-11;03:55:57;0.008;0.009;0.126;0.076
2025-10-11;03:56:57;0.007;0.007;0.127;0.075
2025-10-11;03:57:57;0.008;0.009;0.125;0.075
2025-10-11;03:58:57;0.01;0.01;0.125;0.077
2025-10-11;03:59:58;0.011;0.012;0.125;0.076
2025-10-11;04:00:58;0.007;0.008;0.125;0.077
2025-10-11;04:01:58;0.01;0.01;0.124;0.076
2025-10-11;04:02:58;0.012;0.012;0.124;0.073
2025-10-11;04:03:58;0.007;0.008;0.122;0.073
2025-10-11;04:04:58;0.009;0.009;0.123;0.073
2025-10-11;04:05:58;0.009;0.01;0.123;0.077
2025-10-11;04:06:58;0.008;0.008;0.122;0.072
2025-10-11;04:07:59;0.007;0.008;0.122;0.072
2025-10-11;04:08:59;0.007;0.007;0.125;0.073
2025-10-11;04:09:59;0.007;0.007;0.124;0.076
2025-10-11;04:10:59;0.008;0.008;0.126;0.076
2025-10-11;04:11:59;0.01;0.012;0.123;0.075
2025-10-11;04:12:59;0.01;0.01;0.125;0.074
2025-10-11;04:13:59;0.008;0.009;0.123;0.075
2025-10-11;04:14:59;0.008;0.008;0.125;0.075
2025-10-11;04:15:59;0.009;0.009;0.123;0.074
2025-10-11;04:17:00;0.01;0.01;0.125;0.075
2025-10-11;04:18:00;0.009;0.01;0.124;0.073
2025-10-11;04:19:00;0.007;0.008;0.124;0.077
2025-10-11;04:20:00;0.007;0.007;0.124;0.076
2025-10-11;04:21:00;0.009;0.01;0.125;0.076
2025-10-11;04:22:00;0.007;0.006;0.126;0.073
2025-10-11;04:23:00;0.01;0.009;0.127;0.076
2025-10-11;04:24:00;0.006;0.008;0.127;0.077
2025-10-11;04:25:01;0.009;0.009;0.127;0.076
2025-10-11;04:26:01;0.009;0.009;0.125;0.077
2025-10-11;04:27:01;0.006;0.007;0.123;0.077
2025-10-11;04:28:01;0.009;0.01;0.127;0.076
2025-10-11;04:29:01;0.005;0.006;0.124;0.076
2025-10-11;04:30:01;0.011;0.011;0.125;0.077
2025-10-11;04:31:01;0.007;0.008;0.126;0.078
2025-10-11;04:32:01;0.01;0.01;0.127;0.076
2025-10-11;04:33:02;0.011;0.012;0.125;0.079
2025-10-11;04:34:02;0.006;0.006;0.128;0.076
2025-10-11;04:35:02;0.009;0.01;0.125;0.076
2025-10-11;04:36:02;0.008;0.008;0.129;0.075
2025-10-11;04:37:02;0.009;0.01;0.125;0.074
2025-10-11;04:38:02;0.008;0.009;0.127;0.076
2025-10-11;04:39:02;0.009;0.007;0.129;0.077
2025-10-11;04:40:02;0.006;0.006;0.127;0.074
2025-10-11;04:41:02;0.009;0.009;0.128;0.077
2025-10-11;04:42:03;0.009;0.01;0.124;0.076
2025-10-11;04:43:03;0.011;0.012;0.126;0.076
2025-10-11;04:44:03;0.01;0.01;0.125;0.076
2025-10-11;04:45:03;0.012;0.012;0.125;0.074
2025-10-11;04:46:03;0.011;0.012;0.125;0.077
2025-10-11;04:47:03;0.007;0.007;0.127;0.074
2025-10-11;04:48:03;0.012;0.012;0.129;0.077
2025-10-11;04:49:03;0.009;0.01;0.127;0.075
2025-10-11;04:50:04;0.006;0.007;0.127;0.075
2025-10-11;04:51:04;0.008;0.006;0.127;0.076
2025-10-11;04:52:04;0.012;0.012;0.127;0.075
2025-10-11;04:53:04;0.008;0.007;0.124;0.075
2025-10-11;04:54:04;0.006;0.006;0.127;0.074
2025-10-11;04:55:04;0.006;0.008;0.129;0.077
2025-10-11;04:56:04;0.01;0.011;0.128;0.077
2025-10-11;04:57:04;0.009;0.009;0.126;0.076
2025-10-11;04:58:05;0.006;0.007;0.128;0.077
2025-10-11;04:59:05;0.006;0.007;0.129;0.077
2025-10-11;05:00:05;0.006;0.007;0.125;0.077
2025-10-11;05:01:05;0.009;0.01;0.125;0.079
2025-10-11;05:02:05;0.006;0.006;0.127;0.075
2025-10-11;05:03:05;0.01;0.01;0.125;0.079
2025-10-11;05:04:05;0.012;0.012;0.128;0.077
2025-10-11;05:05:05;0.006;0.004;0.128;0.076
2025-10-11;05:06:05;0.011;0.012;0.128;0.076
2025-10-11;05:07:06;0.009;0.009;0.128;0.078
2025-10-11;05:08:06;0.008;0.008;0.129;0.076
2025-10-11;05:09:06;0.009;0.01;0.126;0.081
2025-10-11;05:10:06;0.012;0.012;0.129;0.077
2025-10-11;05:11:06;0.008;0.009;0.129;0.078
2025-10-11;05:12:06;0.005;0.004;0.127;0.079
2025-10-11;05:13:06;0.007;0.008;0.127;0.08
2025-10-11;05:14:06;0.008;0.009;0.129;0.08
2025-10-11;05:15:07;0.01;0.011;0.128;0.078
2025-10-11;05:16:07;0.01;0.01;0.128;0.079
2025-10-11;05:17:07;0.006;0.006;0.128;0.082
2025-10-11;05:18:07;0.01;0.01;0.13;0.08
2025-10-11;05:19:07;0.007;0.006;0.131;0.078
2025-10-11;05:20:07;0.009;0.009;0.126;0.078
2025-10-11;05:21:07;0.009;0.01;0.128;0.077
2025-10-11;05:22:07;0.01;0.01;0.129;0.079
2025-10-11;05:23:08;0.012;0.011;0.129;0.077
2025-10-11;05:24:08;0.007;0.008;0.129;0.079
2025-10-11;05:25:08;0.005;0.006;0.128;0.073
2025-10-11;05:26:08;0.008;0.009;0.128;0.078
2025-10-11;05:27:08;0.007;0.005;0.129;0.078
2025-10-11;05:28:08;0.006;0.007;0.129;0.079
2025-10-11;05:29:08;0.007;0.008;0.127;0.077
2025-10-11;05:30:08;0.009;0.009;0.126;0.079
2025-10-11;05:31:08;0.006;0.007;0.126;0.076
2025-10-11;05:32:09;0.009;0.008;0.125;0.072
2025-10-11;05:33:09;0.01;0.009;0.129;0.077
2025-10-11;05:34:09;0.009;0.01;0.127;0.077
2025-10-11;05:35:09;0.01;0.012;0.128;0.077
2025-10-11;05:36:09;0.009;0.01;0.126;0.079
2025-10-11;05:37:09;0.006;0.006;0.13;0.079
2025-10-11;05:38:09;0.008;0.008;0.125;0.076
2025-10-11;05:39:09;0.006;0.006;0.125;0.079
2025-10-11;05:40:10;0.008;0.009;0.126;0.076
2025-10-11;05:41:10;0.007;0.006;0.125;0.075
2025-10-11;05:42:10;0.007;0.007;0.125;0.075
2025-10-11;05:43:10;0.01;0.011;0.128;0.078
2025-10-11;05:44:10;0.008;0.007;0.124;0.077
2025-10-11;05:45:10;0.009;0.01;0.124;0.074
2025-10-11;05:46:10;0.012;0.012;0.128;0.077
2025-10-11;05:47:10;0.007;0.006;0.125;0.077
2025-10-11;05:48:11;0.011;0.013;0.124;0.078
2025-10-11;05:49:11;0.009;0.009;0.128;0.075
2025-10-11;05:50:11;0.006;0.006;0.123;0.076
2025-10-11;05:51:11;0.009;0.01;0.125;0.075
2025-10-11;05:52:11;0.009;0.01;0.126;0.073
2025-10-11;05:53:11;0.009;0.008;0.125;0.075
2025-10-11;05:54:11;0.008;0.009;0.126;0.076
2025-10-11;05:55:11;0.008;0.008;0.125;0.076
2025-10-11;05:56:11;0.009;0.01;0.125;0.078
2025-10-11;05:57:12;0.007;0.006;0.128;0.077
2025-10-11;05:58:12;0.01;0.01;0.128;0.079
2025-10-11;05:59:12;0.011;0.011;0.125;0.079
2025-10-11;06:00:12;0.006;0.007;0.126;0.077
2025-10-11;06:01:12;0.01;0.009;0.126;0.079
2025-10-11;06:02:12;0.007;0.006;0.123;0.077
2025-10-11;06:03:12;0.007;0.008;0.129;0.076
2025-10-11;06:04:12;0.009;0.01;0.128;0.077
2025-10-11;06:05:13;0.009;0.01;0.129;0.076
2025-10-11;06:06:13;0.007;0.007;0.129;0.075
2025-10-11;06:07:13;0.008;0.008;0.126;0.077
2025-10-11;06:08:13;0.009;0.009;0.129;0.076
2025-10-11;06:09:13;0.009;0.009;0.128;0.077
2025-10-11;06:10:13;0.008;0.009;0.129;0.076
2025-10-11;06:11:13;0.006;0.005;0.128;0.077
2025-10-11;06:12:13;0.01;0.012;0.127;0.074
2025-10-11;06:13:14;0.009;0.009;0.124;0.076
2025-10-11;06:14:14;0.01;0.009;0.126;0.078
2025-10-11;06:15:14;0.007;0.006;0.124;0.075
2025-10-11;06:16:14;0.008;0.009;0.125;0.079
2025-10-11;06:17:14;0.008;0.009;0.126;0.076
2025-10-11;06:18:14;0.009;0.009;0.123;0.078
2025-10-11;06:19:14;0.012;0.013;0.128;0.079
2025-10-11;06:20:14;0.007;0.006;0.127;0.075
2025-10-11;06:21:14;0.01;0.009;0.126;0.077
2025-10-11;06:22:15;0.007;0.008;0.122;0.075
2025-10-11;06:23:15;0.006;0.007;0.122;0.076
2025-10-11;06:24:15;0.008;0.008;0.124;0.081
2025-10-11;06:25:15;0.009;0.01;0.124;0.077
2025-10-11;06:26:15;0.006;0.008;0.127;0.08
2025-10-11;06:27:15;0.006;0.006;0.125;0.08
2025-10-11;06:28:15;0.012;0.012;0.124;0.079
2025-10-11;06:29:15;0.007;0.007;0.129;0.079
2025-10-11;06:30:16;0.011;0.011;0.125;0.08
2025-10-11;06:31:16;0.006;0.007;0.125;0.08
2025-10-11;06:32:16;0.012;0.011;0.123;0.081
2025-10-11;06:33:16;0.012;0.012;0.123;0.076
2025-10-11;06:34:16;0.009;0.008;0.125;0.076
2025-10-11;06:35:16;0.007;0.008;0.121;0.08
2025-10-11;06:36:16;0.007;0.008;0.125;0.079
2025-10-11;06:37:16;0.01;0.009;0.125;0.079
2025-10-11;06:38:17;0.01;0.009;0.124;0.08
2025-10-11;06:39:17;0.008;0.009;0.125;0.08
2025-10-11;06:40:17;0.006;0.007;0.125;0.077
2025-10-11;06:41:17;0.012;0.012;0.122;0.079
2025-10-11;06:42:17;0.007;0.008;0.122;0.079
2025-10-11;06:43:17;0.007;0.006;0.123;0.08
2025-10-11;06:44:17;0.006;0.005;0.122;0.08
2025-10-11;06:45:17;0.009;0.01;0.125;0.079
2025-10-11;06:46:17;0.008;0.008;0.123;0.078
2025-10-11;06:47:18;0.009;0.009;0.125;0.076
2025-10-11;06:48:18;0.012;0.011;0.125;0.077
2025-10-11;06:49:18;0.01;0.012;0.125;0.078
2025-10-11;06:50:18;0.008;0.009;0.122;0.078
2025-10-11;06:51:18;0.008;0.008;0.122;0.075
2025-10-11;06:52:18;0.006;0.006;0.124;0.08
2025-10-11;06:53:18;0.008;0.009;0.123;0.076
2025-10-11;06:54:18;0.01;0.009;0.125;0.077
2025-10-11;06:55:19;0.006;0.006;0.122;0.079
2025-10-11;06:56:19;0.006;0.006;0.12;0.076
2025-10-11;06:57:19;0.01;0.011;0.124;0.075
2025-10-11;06:58:19;0.009;0.008;0.121;0.074
2025-10-11;06:59:19;0.006;0.006;0.12;0.076
2025-10-11;07:00:19;0.007;0.009;0.12;0.075
2025-10-11;07:01:19;0.008;0.009;0.122;0.079
2025-10-11;07:02:19;0.008;0.009;0.123;0.075
2025-10-11;07:03:20;0.005;0.006;0.122;0.076
2025-10-11;07:04:20;0.009;0.009;0.121;0.074
2025-10-11;07:05:20;0.006;0.008;0.122;0.074
2025-10-11;07:06:20;0.005;0.006;0.123;0.075
2025-10-11;07:07:20;0.011;0.011;0.122;0.076
2025-10-11;07:08:20;0.005;0.006;0.119;0.075
2025-10-11;07:09:20;0.01;0.009;0.12;0.073
2025-10-11;07:10:20;0.011;0.012;0.124;0.078
2025-10-11;07:11:20;0.008;0.008;0.12;0.078
2025-10-11;07:12:21;0.006;0.006;0.123;0.074
2025-10-11;07:13:21;0.01;0.01;0.122;0.077
2025-10-11;07:14:21;0.012;0.012;0.122;0.075
2025-10-11;07:15:21;0.009;0.008;0.12;0.079
2025-10-11;07:16:21;0.005;0.006;0.122;0.077
2025-10-11;07:17:21;0.007;0.008;0.125;0.077
2025-10-11;07:18:21;0.006;0.006;0.125;0.078
2025-10-11;07:19:21;0.009;0.008;0.122;0.079
2025-10-11;07:20:22;0.007;0.007;0.125;0.076
2025-10-11;07:21:22;0.009;0.009;0.121;0.076
2025-10-11;07:22:22;0.013;0.012;0.125;0.076
2025-10-11;07:23:22;0.012;0.012;0.123;0.075
2025-10-11;07:24:22;0.007;0.007;0.12;0.077
2025-10-11;07:25:22;0.012;0.012;0.122;0.074
2025-10-11;07:26:22;0.006;0.008;0.122;0.076
2025-10-11;07:27:22;0.009;0.009;0.12;0.076
2025-10-11;07:28:23;0.008;0.009;0.123;0.074
2025-10-11;07:29:23;0.009;0.008;0.118;0.079
2025-10-11;07:30:23;0.005;0.006;0.122;0.078
2025-10-11;07:31:23;0.011;0.012;0.121;0.077
2025-10-11;07:32:23;0.006;0.006;0.123;0.078
2025-10-11;07:33:23;0.008;0.009;0.125;0.076
2025-10-11;07:34:23;0.005;0.007;0.122;0.074
2025-10-11;07:35:23;0.006;0.007;0.122;0.08
2025-10-11;07:36:23;0.009;0.009;0.122;0.077
2025-10-11;07:37:24;0.009;0.009;0.118;0.076
2025-10-11;07:38:24;0.008;0.008;0.122;0.077
2025-10-11;07:39:24;0.009;0.009;0.12;0.076
2025-10-11;07:40:24;0.007;0.007;0.119;0.075
2025-10-11;07:41:24;0.006;0.007;0.119;0.079
2025-10-11;07:42:24;0.009;0.01;0.12;0.079
2025-10-11;07:43:24;0.009;0.009;0.121;0.075
2025-10-11;07:44:24;0.009;0.01;0.118;0.077
2025-10-11;07:45:25;0.008;0.009;0.121;0.076
2025-10-11;07:46:25;0.011;0.013;0.118;0.077
2025-10-11;07:47:25;0.007;0.008;0.118;0.077
2025-10-11;07:48:25;0.008;0.007;0.117;0.075
2025-10-11;07:49:25;0.009;0.009;0.118;0.077
2025-10-11;07:50:25;0.011;0.011;0.116;0.074
2025-10-11;07:51:25;0.009;0.009;0.117;0.075
2025-10-11;07:52:25;0.013;0.012;0.121;0.074
2025-10-11;07:53:26;0.007;0.008;0.12;0.074
2025-10-11;07:54:26;0.012;0.011;0.12;0.075
2025-10-11;07:55:26;0.01;0.009;0.119;0.075
2025-10-11;07:56:26;0.008;0.008;0.117;0.076
2025-10-11;07:57:26;0.008;0.007;0.117;0.075
2025-10-11;07:58:26;0.009;0.009;0.12;0.077
2025-10-11;07:59:26;0.007;0.008;0.118;0.075
2025-10-11;08:00:26;0.005;0.006;0.116;0.073
2025-10-11;08:01:26;0.008;0.007;0.116;0.072
2025-10-11;08:02:27;0.006;0.007;0.119;0.078
2025-10-11;08:03:27;0.006;0.006;0.119;0.074
2025-10-11;08:04:27;0.008;0.009;0.117;0.075
2025-10-11;08:05:27;0.007;0.008;0.116;0.074
2025-10-11;08:06:27;0.007;0.008;0.118;0.074
2025-10-11;08:07:27;0.008;0.008;0.117;0.076
2025-10-11;08:08:27;0.009;0.01;0.118;0.076
2025-10-11;08:09:27;0.007;0.007;0.123;0.074
2025-10-11;08:10:28;0.007;0.008;0.122;0.073
2025-10-11;08:11:28;0.009;0.008;0.121;0.074
2025-10-11;08:12:28;0.008;0.008;0.121;0.071
2025-10-11;08:13:28;0.008;0.007;0.121;0.077
2025-10-11;08:14:28;0.007;0.006;0.119;0.072
2025-10-11;08:15:28;0.009;0.009;0.122;0.076
2025-10-11;08:16:28;0.011;0.012;0.124;0.076
2025-10-11;08:17:28;0.01;0.008;0.123;0.075
2025-10-11;08:18:29;0.009;0.01;0.123;0.075
2025-10-11;08:19:29;0.007;0.007;0.125;0.073
2025-10-11;08:20:29;0.007;0.008;0.125;0.075
2025-10-11;08:21:29;0.009;0.01;0.126;0.079
2025-10-11;08:22:29;0.012;0.013;0.124;0.077
2025-10-11;08:23:29;0.006;0.007;0.124;0.075
2025-10-11;08:24:29;0.008;0.008;0.126;0.077
2025-10-11;08:25:29;0.006;0.006;0.124;0.077
2025-10-11;08:26:29;0.008;0.009;0.125;0.074
2025-10-11;08:27:30;0.009;0.01;0.125;0.077
2025-10-11;08:28:30;0.005;0.005;0.125;0.077
2025-10-11;08:29:30;0.007;0.008;0.125;0.075
2025-10-11;08:30:30;0.008;0.009;0.125;0.074
2025-10-11;08:31:30;0.011;0.011;0.125;0.073
2025-10-11;08:32:30;0.006;0.006;0.125;0.077
2025-10-11;08:33:30;0.01;0.009;0.127;0.077
2025-10-11;08:34:30;0.009;0.008;0.125;0.074
2025-10-11;08:35:31;0.012;0.011;0.125;0.074
2025-10-11;08:36:31;0.009;0.009;0.125;0.075
2025-10-11;08:37:31;0.011;0.01;0.124;0.073
2025-10-11;08:38:31;0.006;0.006;0.124;0.074
2025-10-11;08:39:31;0.011;0.01;0.123;0.073
2025-10-11;08:40:31;0.008;0.007;0.123;0.079
2025-10-11;08:41:31;0.006;0.006;0.122;0.073
2025-10-11;08:42:31;0.007;0.008;0.124;0.074
2025-10-11;08:43:32;0.011;0.011;0.124;0.074
2025-10-11;08:44:32;0.008;0.009;0.124;0.072
2025-10-11;08:45:32;0.006;0.006;0.125;0.072
2025-10-11;08:46:32;0.01;0.01;0.125;0.074
2025-10-11;08:47:32;0.01;0.008;0.122;0.075
2025-10-11;08:48:32;0.01;0.01;0.124;0.073
2025-10-11;08:49:32;0.007;0.008;0.124;0.071
2025-10-11;08:50:32;0.007;0.007;0.122;0.073
2025-10-11;08:51:32;0.006;0.007;0.123;0.071
2025-10-11;08:52:33;0.009;0.008;0.122;0.075
2025-10-11;08:53:33;0.009;0.008;0.123;0.071
2025-10-11;08:54:33;0.009;0.009;0.123;0.073
2025-10-11;08:55:33;0.01;0.01;0.123;0.072
2025-10-11;08:56:33;0.011;0.012;0.123;0.072
2025-10-11;08:57:33;0.013;0.014;0.122;0.071
2025-10-11;08:58:33;0.006;0.006;0.121;0.072
2025-10-11;08:59:33;0.008;0.009;0.119;0.073
2025-10-11;09:00:34;0.008;0.009;0.121;0.073
2025-10-11;09:01:34;0.006;0.006;0.122;0.071
2025-10-11;09:02:34;0.008;0.01;0.122;0.07
2025-10-11;09:03:34;0.011;0.01;0.122;0.072
2025-10-11;09:04:34;0.01;0.01;0.123;0.072
2025-10-11;09:05:34;0.009;0.008;0.122;0.071
2025-10-11;09:06:34;0.005;0.006;0.118;0.073
2025-10-11;09:07:34;0.006;0.007;0.123;0.075
2025-10-11;09:08:35;0.01;0.01;0.119;0.077
2025-10-11;09:09:35;0.007;0.008;0.119;0.073
2025-10-11;09:10:35;0.01;0.009;0.119;0.077
2025-10-11;09:11:35;0.009;0.008;0.12;0.078
2025-10-11;09:12:35;0.007;0.008;0.122;0.074
2025-10-11;09:13:35;0.009;0.009;0.121;0.074
2025-10-11;09:14:35;0.009;0.008;0.122;0.074
2025-10-11;09:15:35;0.01;0.011;0.119;0.076
2025-10-11;09:16:35;0.008;0.009;0.118;0.076
2025-10-11;09:17:36;0.009;0.009;0.122;0.074
2025-10-11;09:18:36;0.007;0.009;0.121;0.073
2025-10-11;09:19:36;0.012;0.011;0.123;0.071
2025-10-11;09:20:36;0.011;0.012;0.122;0.074
2025-10-11;09:21:36;0.01;0.012;0.122;0.073
2025-10-11;09:22:36;0.005;0.007;0.123;0.077
2025-10-11;09:23:36;0.01;0.011;0.124;0.074
2025-10-11;09:24:36;0.011;0.011;0.123;0.075
2025-10-11;09:25:37;0.007;0.007;0.123;0.07
2025-10-11;09:26:37;0.007;0.006;0.124;0.074
2025-10-11;09:27:37;0.012;0.011;0.121;0.074
2025-10-11;09:28:37;0.007;0.008;0.123;0.076
2025-10-11;09:29:37;0.006;0.007;0.124;0.076
2025-10-11;09:30:37;0.007;0.007;0.126;0.076
2025-10-11;09:31:37;0.007;0.007;0.123;0.075
2025-10-11;09:32:37;0.008;0.01;0.124;0.073
2025-10-11;09:33:38;0.008;0.009;0.122;0.073
2025-10-11;09:34:38;0.009;0.01;0.123;0.076
2025-10-11;09:35:38;0.007;0.008;0.123;0.077
2025-10-11;09:36:38;0.007;0.007;0.121;0.075
2025-10-11;09:37:38;0.008;0.009;0.125;0.071
2025-10-11;09:38:38;0.006;0.004;0.12;0.074
2025-10-11;09:39:38;0.011;0.011;0.122;0.075
2025-10-11;09:40:38;0.01;0.01;0.123;0.076
2025-10-11;09:41:38;0.01;0.01;0.125;0.072
2025-10-11;09:42:39;0.008;0.009;0.124;0.073
2025-10-11;09:43:39;0.009;0.01;0.122;0.074
2025-10-11;09:44:39;0.007;0.007;0.123;0.074
2025-10-11;09:45:39;0.008;0.009;0.124;0.073
2025-10-11;09:46:39;0.007;0.007;0.124;0.073
2025-10-11;09:47:39;0.007;0.007;0.125;0.074
2025-10-11;09:48:39;0.007;0.007;0.122;0.073
2025-10-11;09:49:39;0.008;0.008;0.124;0.074
2025-10-11;09:50:40;0.009;0.007;0.122;0.073
2025-10-11;09:51:40;0.01;0.01;0.122;0.076
2025-10-11;09:52:40;0.009;0.01;0.12;0.073
2025-10-11;09:53:40;0.009;0.009;0.123;0.073
2025-10-11;09:54:40;0.009;0.009;0.122;0.071
2025-10-11;09:55:40;0.007;0.009;0.124;0.073
2025-10-11;09:56:40;0.008;0.008;0.123;0.069
2025-10-11;09:57:40;0.011;0.013;0.122;0.07
2025-10-11;09:58:41;0.008;0.007;0.123;0.072
2025-10-11;09:59:41;0.009;0.009;0.122;0.075
2025-10-11;10:00:41;0.01;0.01;0.119;0.072
2025-10-11;10:01:41;0.008;0.01;0.122;0.073
2025-10-11;10:02:41;0.004;0.006;0.12;0.072
2025-10-11;10:03:41;0.006;0.005;0.12;0.072
2025-10-11;10:04:41;0.009;0.009;0.121;0.07
2025-10-11;10:05:41;0.007;0.007;0.118;0.07
2025-10-11;10:06:41;0.007;0.009;0.12;0.072
2025-10-11;10:07:42;0.008;0.007;0.119;0.07
2025-10-11;10:08:42;0.009;0.01;0.119;0.067
2025-10-11;10:09:42;0.01;0.01;0.123;0.071
2025-10-11;10:10:42;0.006;0.007;0.117;0.072
2025-10-11;10:11:42;0.01;0.009;0.118;0.071
2025-10-11;10:12:42;0.01;0.012;0.118;0.068
2025-10-11;10:13:42;0.009;0.009;0.118;0.069
2025-10-11;10:14:42;0.007;0.007;0.117;0.07
2025-10-11;10:15:43;0.006;0.008;0.118;0.07
2025-10-11;10:16:43;0.007;0.008;0.115;0.067
2025-10-11;10:17:43;0.01;0.012;0.118;0.069
2025-10-11;10:18:43;0.011;0.011;0.118;0.07
2025-10-11;10:19:43;0.006;0.006;0.114;0.066
2025-10-11;10:20:43;0.008;0.008;0.118;0.068
2025-10-11;10:21:43;0.007;0.007;0.115;0.067
2025-10-11;10:22:43;0.008;0.007;0.116;0.068
2025-10-11;10:23:44;0.009;0.009;0.113;0.068
2025-10-11;10:24:44;0.008;0.01;0.116;0.069
2025-10-11;10:25:44;0.008;0.009;0.116;0.067
2025-10-11;10:26:44;0.005;0.005;0.113;0.066
2025-10-11;10:27:44;0.009;0.008;0.115;0.064
2025-10-11;10:28:44;0.007;0.007;0.114;0.066
2025-10-11;10:29:44;0.007;0.007;0.112;0.068
2025-10-11;10:30:44;0.011;0.012;0.114;0.068
2025-10-11;10:31:44;0.009;0.009;0.113;0.065
2025-10-11;10:32:45;0.007;0.006;0.117;0.065
2025-10-11;10:33:45;0.009;0.008;0.115;0.068
2025-10-11;10:34:45;0.009;0.009;0.115;0.066
2025-10-11;10:35:45;0.01;0.009;0.113;0.065
2025-10-11;10:36:45;0.009;0.008;0.113;0.065
2025-10-11;10:37:45;0.008;0.009;0.114;0.065
2025-10-11;10:38:45;0.007;0.008;0.114;0.065
2025-10-11;10:39:45;0.007;0.009;0.111;0.066
2025-10-11;10:40:46;0.007;0.007;0.114;0.064
2025-10-11;10:41:46;0.008;0.009;0.111;0.066
2025-10-11;10:42:46;0.007;0.008;0.112;0.062
2025-10-11;10:43:46;0.009;0.008;0.112;0.065
2025-10-11;10:44:46;0.007;0.008;0.112;0.063
2025-10-11;10:45:46;0.006;0.006;0.114;0.066
2025-10-11;10:46:46;0.009;0.008;0.112;0.066
2025-10-11;10:47:46;0.007;0.008;0.113;0.065
2025-10-11;10:48:47;0.008;0.009;0.111;0.064
2025-10-11;10:49:47;0.012;0.011;0.113;0.065
2025-10-11;10:50:47;0.009;0.01;0.114;0.061
2025-10-11;10:51:47;0.011;0.011;0.115;0.063
2025-10-11;10:52:47;0.007;0.007;0.108;0.062
2025-10-11;10:53:47;0.008;0.009;0.11;0.065
2025-10-11;10:54:47;0.008;0.008;0.109;0.065
2025-10-11;10:55:47;0.011;0.011;0.11;0.061
2025-10-11;10:56:47;0.009;0.009;0.11;0.063
2025-10-11;10:57:48;0.006;0.007;0.111;0.059
2025-10-11;10:58:48;0.007;0.007;0.109;0.061
2025-10-11;10:59:48;0.008;0.008;0.11;0.063
2025-10-11;11:00:48;0.007;0.008;0.11;0.062
2025-10-11;11:01:48;0.008;0.009;0.111;0.06
2025-10-11;11:02:48;0.012;0.012;0.107;0.061
2025-10-11;11:03:48;0.007;0.006;0.108;0.06
2025-10-11;11:04:48;0.011;0.012;0.108;0.059
2025-10-11;11:05:49;0.012;0.012;0.11;0.059
2025-10-11;11:06:49;0.009;0.009;0.108;0.056
2025-10-11;11:07:49;0.006;0.006;0.109;0.059
2025-10-11;11:08:49;0.009;0.009;0.108;0.058
2025-10-11;11:09:49;0.009;0.01;0.108;0.061
2025-10-11;11:10:49;0.006;0.007;0.109;0.057
2025-10-11;11:11:49;0.008;0.009;0.109;0.059
2025-10-11;11:12:49;0.008;0.009;0.108;0.059
2025-10-11;11:13:50;0.007;0.007;0.108;0.059
2025-10-11;11:14:50;0.009;0.01;0.108;0.056
2025-10-11;11:15:50;0.006;0.007;0.108;0.058
2025-10-11;11:16:50;0.007;0.008;0.109;0.056
2025-10-11;11:17:50;0.012;0.013;0.104;0.057
2025-10-11;11:18:50;0.008;0.01;0.108;0.06
2025-10-11;11:20:40;0.0;0.0;0.0;0.0
2025-10-11;11:21:40;0.005;0.007;0.111;0.06
2025-10-11;11:22:40;0.008;0.008;0.11;0.059
2025-10-11;11:23:40;0.01;0.011;0.108;0.059
2025-10-11;11:24:40;0.007;0.007;0.11;0.058
2025-10-11;11:25:40;0.005;0.005;0.108;0.056
2025-10-11;11:26:40;0.009;0.01;0.109;0.056
2025-10-11;11:27:41;0.007;0.008;0.105;0.061
2025-10-11;11:28:41;0.006;0.006;0.107;0.057
2025-10-11;11:29:41;0.008;0.008;0.108;0.056
2025-10-11;11:30:41;0.009;0.009;0.106;0.057
2025-10-11;11:31:41;0.008;0.008;0.106;0.055
2025-10-11;11:32:41;0.011;0.012;0.107;0.056
2025-10-11;11:33:41;0.007;0.008;0.108;0.056
2025-10-11;11:34:41;0.007;0.008;0.102;0.058
2025-10-11;11:35:42;0.01;0.01;0.104;0.055
2025-10-11;11:36:42;0.007;0.008;0.104;0.058
2025-10-11;11:37:42;0.008;0.009;0.105;0.056
2025-10-11;11:38:42;0.005;0.006;0.106;0.055
2025-10-11;11:39:42;0.01;0.009;0.106;0.054
2025-10-11;11:40:42;0.012;0.012;0.106;0.054
2025-10-11;11:41:42;0.007;0.007;0.104;0.054
2025-10-11;11:42:42;0.008;0.008;0.102;0.053
2025-10-11;11:43:43;0.012;0.012;0.105;0.054
2025-10-11;11:44:43;0.007;0.008;0.102;0.058
2025-10-11;11:45:43;0.007;0.007;0.101;0.053
2025-10-11;11:46:43;0.007;0.007;0.102;0.055
2025-10-11;11:47:43;0.006;0.008;0.103;0.052
2025-10-11;11:48:43;0.011;0.012;0.103;0.052
2025-10-11;11:49:43;0.007;0.007;0.104;0.051
2025-10-11;11:50:43;0.008;0.007;0.101;0.054
2025-10-11;11:51:43;0.005;0.006;0.103;0.053
2025-10-11;11:52:44;0.006;0.008;0.104;0.053
2025-10-11;11:53:44;0.004;0.006;0.103;0.056
2025-10-11;11:54:44;0.005;0.006;0.102;0.053
2025-10-11;11:55:44;0.008;0.01;0.104;0.052
2025-10-11;11:56:44;0.008;0.009;0.102;0.054
2025-10-11;11:57:44;0.009;0.008;0.103;0.054
2025-10-11;11:58:44;0.01;0.01;0.101;0.053
2025-10-11;11:59:44;0.007;0.007;0.1;0.054
2025-10-11;12:00:45;0.008;0.008;0.103;0.05
2025-10-11;12:01:45;0.009;0.01;0.101;0.056
2025-10-11;12:02:45;0.009;0.008;0.101;0.052
2025-10-11;12:03:45;0.007;0.008;0.102;0.052
2025-10-11;12:04:45;0.006;0.006;0.101;0.051
2025-10-11;12:05:45;0.011;0.012;0.103;0.052
2025-10-11;12:06:45;0.006;0.007;0.104;0.052
2025-10-11;12:07:45;0.007;0.008;0.102;0.055
2025-10-11;12:08:46;0.012;0.011;0.104;0.052
2025-10-11;12:09:46;0.007;0.008;0.103;0.052
2025-10-11;12:10:46;0.007;0.006;0.104;0.053
2025-10-11;12:11:46;0.011;0.012;0.103;0.053
2025-10-11;12:12:46;0.006;0.007;0.104;0.052
2025-10-11;12:13:46;0.009;0.009;0.103;0.053
2025-10-11;12:14:46;0.009;0.009;0.1;0.056
2025-10-11;12:15:46;0.009;0.01;0.103;0.052
2025-10-11;12:16:46;0.01;0.012;0.103;0.052
2025-10-11;12:17:47;0.009;0.009;0.103;0.051
2025-10-11;12:18:47;0.009;0.009;0.102;0.052
2025-10-11;12:19:47;0.008;0.008;0.103;0.056
2025-10-11;12:20:47;0.006;0.005;0.102;0.053
2025-10-11;12:21:47;0.01;0.011;0.104;0.056
2025-10-11;12:22:47;0.006;0.008;0.103;0.052
2025-10-11;12:23:47;0.006;0.006;0.101;0.053
2025-10-11;12:24:47;0.011;0.01;0.101;0.053
2025-10-11;12:25:48;0.007;0.007;0.101;0.051
2025-10-11;12:26:48;0.011;0.013;0.101;0.054
2025-10-11;12:27:48;0.01;0.01;0.103;0.055
2025-10-11;12:28:48;0.009;0.009;0.101;0.052
2025-10-11;12:29:48;0.011;0.012;0.103;0.053
2025-10-11;12:30:48;0.011;0.012;0.102;0.051
2025-10-11;12:31:48;0.011;0.013;0.101;0.051
2025-10-11;12:32:48;0.012;0.012;0.106;0.056
2025-10-11;12:33:49;0.011;0.012;0.101;0.054
2025-10-11;12:34:49;0.012;0.012;0.101;0.056
2025-10-11;12:35:49;0.009;0.009;0.1;0.053
2025-10-11;12:36:49;0.006;0.006;0.104;0.052
2025-10-11;12:37:49;0.007;0.007;0.102;0.051
2025-10-11;12:38:49;0.007;0.007;0.102;0.052
2025-10-11;12:39:49;0.009;0.01;0.102;0.052
2025-10-11;12:40:49;0.006;0.006;0.101;0.049
2025-10-11;12:41:49;0.012;0.013;0.103;0.054
2025-10-11;12:42:50;0.01;0.009;0.101;0.053
2025-10-11;12:43:50;0.008;0.008;0.101;0.049
2025-10-11;12:44:50;0.009;0.009;0.101;0.053
2025-10-11;12:45:50;0.01;0.011;0.101;0.05
2025-10-11;12:46:50;0.011;0.013;0.1;0.053
2025-10-11;12:47:50;0.012;0.01;0.103;0.054
2025-10-11;12:48:50;0.01;0.01;0.104;0.051
2025-10-11;12:49:50;0.009;0.009;0.101;0.048
2025-10-11;12:50:51;0.007;0.009;0.102;0.049
2025-10-11;12:51:51;0.007;0.007;0.104;0.054
2025-10-11;12:52:51;0.008;0.009;0.102;0.05
2025-10-11;12:53:51;0.008;0.008;0.1;0.05
2025-10-11;12:54:51;0.008;0.008;0.101;0.052
2025-10-11;12:55:51;0.008;0.006;0.102;0.049
2025-10-11;12:56:51;0.009;0.01;0.102;0.052
2025-10-11;12:57:51;0.007;0.01;0.1;0.052
2025-10-11;12:58:52;0.009;0.009;0.102;0.053
2025-10-11;12:59:52;0.012;0.013;0.101;0.052
2025-10-11;13:00:52;0.012;0.011;0.1;0.053
2025-10-11;13:01:52;0.009;0.01;0.1;0.047
2025-10-11;13:02:52;0.01;0.01;0.098;0.052
2025-10-11;13:03:52;0.011;0.011;0.101;0.052
2025-10-11;13:04:52;0.005;0.005;0.101;0.05
2025-10-11;13:05:52;0.005;0.006;0.102;0.049
2025-10-11;13:06:52;0.009;0.009;0.099;0.049
2025-10-11;13:07:53;0.009;0.009;0.1;0.049
2025-10-11;13:08:53;0.006;0.005;0.099;0.049
2025-10-11;13:09:53;0.006;0.006;0.101;0.046
2025-10-11;13:10:53;0.009;0.009;0.102;0.052
2025-10-11;13:11:53;0.007;0.007;0.101;0.049
2025-10-11;13:12:53;0.007;0.008;0.099;0.053
2025-10-11;13:13:53;0.007;0.007;0.097;0.052
2025-10-11;13:14:53;0.012;0.012;0.099;0.049
2025-10-11;13:15:54;0.006;0.006;0.101;0.053
2025-10-11;13:16:54;0.009;0.01;0.097;0.051
2025-10-11;13:17:54;0.006;0.007;0.097;0.049
2025-10-11;13:18:54;0.009;0.01;0.098;0.049
2025-10-11;13:19:54;0.011;0.011;0.099;0.049
2025-10-11;13:20:54;0.007;0.009;0.098;0.052
2025-10-11;13:21:54;0.006;0.007;0.101;0.05
2025-10-11;13:22:54;0.006;0.006;0.101;0.05
2025-10-11;13:23:55;0.006;0.006;0.1;0.05
2025-10-11;13:24:55;0.012;0.011;0.101;0.051
2025-10-11;13:25:55;0.01;0.009;0.1;0.052
2025-10-11;13:26:55;0.006;0.006;0.099;0.049
2025-10-11;13:27:55;0.007;0.008;0.101;0.049
2025-10-11;13:28:55;0.007;0.006;0.101;0.051
2025-10-11;13:29:55;0.013;0.012;0.103;0.05
2025-10-11;13:30:55;0.005;0.006;0.098;0.054
2025-10-11;13:31:55;0.009;0.01;0.101;0.049
2025-10-11;13:32:56;0.009;0.01;0.099;0.05
2025-10-11;13:33:56;0.011;0.013;0.098;0.048
2025-10-11;13:34:56;0.007;0.008;0.101;0.055
2025-10-11;13:35:56;0.007;0.008;0.1;0.049
2025-10-11;13:36:56;0.007;0.007;0.098;0.051
2025-10-11;13:37:56;0.009;0.009;0.099;0.05
2025-10-11;13:38:56;0.008;0.007;0.1;0.05
2025-10-11;13:39:56;0.008;0.008;0.098;0.049
2025-10-11;13:40:57;0.006;0.007;0.097;0.048
2025-10-11;13:41:57;0.008;0.009;0.097;0.051
2025-10-11;13:42:57;0.011;0.013;0.098;0.05
2025-10-11;13:43:57;0.011;0.012;0.097;0.053
2025-10-11;13:44:57;0.011;0.013;0.098;0.048
2025-10-11;13:45:57;0.012;0.012;0.1;0.052
2025-10-11;13:46:57;0.011;0.012;0.099;0.049
2025-10-11;13:47:57;0.01;0.011;0.1;0.048
2025-10-11;13:48:58;0.012;0.013;0.099;0.051
2025-10-11;13:49:58;0.011;0.011;0.099;0.051
2025-10-11;13:50:58;0.007;0.007;0.097;0.048
2025-10-11;13:51:58;0.006;0.006;0.097;0.049
2025-10-11;13:52:58;0.008;0.009;0.101;0.049
2025-10-11;13:53:58;0.009;0.009;0.097;0.051
2025-10-11;13:54:58;0.012;0.011;0.098;0.049
2025-10-11;13:55:58;0.008;0.009;0.1;0.051
2025-10-11;13:56:58;0.008;0.008;0.099;0.05
2025-10-11;13:57:59;0.006;0.006;0.097;0.048
2025-10-11;13:58:59;0.01;0.009;0.099;0.049
2025-10-11;13:59:59;0.006;0.006;0.1;0.049
2025-10-11;14:00:59;0.005;0.006;0.097;0.047
2025-10-11;14:01:59;0.007;0.006;0.1;0.047
2025-10-11;14:02:59;0.009;0.009;0.098;0.052
2025-10-11;14:03:59;0.01;0.011;0.1;0.051
2025-10-11;14:04:59;0.011;0.012;0.099;0.049
2025-10-11;14:06:00;0.007;0.009;0.096;0.052
2025-10-11;14:07:00;0.007;0.007;0.097;0.051
2025-10-11;14:08:00;0.01;0.01;0.1;0.05
2025-10-11;14:09:00;0.011;0.011;0.101;0.049
2025-10-11;14:10:00;0.007;0.007;0.102;0.049
2025-10-11;14:11:00;0.01;0.01;0.099;0.051
2025-10-11;14:12:00;0.006;0.005;0.097;0.047
2025-10-11;14:13:00;0.008;0.009;0.1;0.052
2025-10-11;14:14:01;0.007;0.007;0.098;0.049
2025-10-11;14:15:01;0.008;0.01;0.098;0.05
2025-10-11;14:16:01;0.006;0.007;0.1;0.048
2025-10-11;14:17:01;0.007;0.007;0.099;0.049
2025-10-11;14:18:01;0.008;0.01;0.1;0.051
2025-10-11;14:19:01;0.008;0.011;0.1;0.048
2025-10-11;14:20:01;0.006;0.006;0.096;0.049
2025-10-11;14:21:01;0.009;0.01;0.098;0.048
2025-10-11;14:22:01;0.011;0.013;0.099;0.05
2025-10-11;14:23:02;0.006;0.005;0.099;0.049
2025-10-11;14:24:02;0.007;0.007;0.103;0.046
2025-10-11;14:25:02;0.011;0.012;0.098;0.052
2025-10-11;14:26:02;0.007;0.007;0.095;0.045
2025-10-11;14:27:02;0.006;0.006;0.097;0.049
2025-10-11;14:28:02;0.008;0.01;0.095;0.048
2025-10-11;14:29:02;0.012;0.012;0.096;0.052
2025-10-11;14:30:02;0.007;0.007;0.098;0.049
2025-10-11;14:31:03;0.009;0.009;0.095;0.05
2025-10-11;14:32:03;0.007;0.008;0.101;0.046
2025-10-11;14:33:03;0.006;0.008;0.098;0.051
2025-10-11;14:34:03;0.009;0.01;0.098;0.052
2025-10-11;14:35:03;0.007;0.007;0.097;0.047
2025-10-11;14:36:03;0.008;0.008;0.098;0.051
2025-10-11;14:37:03;0.006;0.007;0.095;0.049
2025-10-11;14:38:03;0.01;0.01;0.094;0.053
2025-10-11;14:39:04;0.006;0.007;0.098;0.05
2025-10-11;14:40:04;0.006;0.006;0.096;0.052
2025-10-11;14:41:04;0.011;0.012;0.096;0.052
2025-10-11;14:42:04;0.009;0.009;0.098;0.05
2025-10-11;14:43:04;0.006;0.005;0.095;0.047
2025-10-11;14:44:04;0.007;0.007;0.096;0.051
2025-10-11;14:45:04;0.006;0.007;0.094;0.049
2025-10-11;14:46:04;0.009;0.01;0.1;0.048
2025-10-11;14:47:04;0.009;0.008;0.095;0.052
2025-10-11;14:48:05;0.006;0.008;0.097;0.047
2025-10-11;14:49:05;0.007;0.008;0.097;0.049
2025-10-11;14:50:05;0.011;0.012;0.097;0.047
2025-10-11;14:51:05;0.005;0.006;0.095;0.043
2025-10-11;14:52:05;0.006;0.006;0.095;0.048
2025-10-11;14:53:05;0.008;0.009;0.098;0.047
2025-10-11;14:54:05;0.009;0.009;0.097;0.048
2025-10-11;14:55:05;0.008;0.008;0.095;0.047
2025-10-11;14:56:06;0.01;0.009;0.093;0.045
2025-10-11;14:57:06;0.007;0.008;0.094;0.045
2025-10-11;14:58:06;0.006;0.006;0.096;0.046
2025-10-11;14:59:06;0.009;0.009;0.095;0.045
2025-10-11;15:00:06;0.008;0.008;0.092;0.045
2025-10-11;15:01:06;0.012;0.012;0.091;0.046
2025-10-11;15:02:06;0.011;0.012;0.096;0.045
2025-10-11;15:03:06;0.008;0.01;0.092;0.048
2025-10-11;15:04:07;0.011;0.011;0.094;0.043
2025-10-11;15:05:07;0.01;0.011;0.093;0.046
2025-10-11;15:06:07;0.008;0.006;0.094;0.046
2025-10-11;15:07:07;0.007;0.007;0.094;0.046
2025-10-11;15:08:07;0.011;0.01;0.094;0.046
2025-10-11;15:09:07;0.011;0.012;0.091;0.042
2025-10-11;15:10:07;0.012;0.013;0.094;0.042
2025-10-11;15:11:07;0.006;0.006;0.093;0.042
2025-10-11;15:12:07;0.009;0.009;0.094;0.046
2025-10-11;15:13:08;0.009;0.009;0.094;0.044
2025-10-11;15:14:08;0.01;0.01;0.091;0.045
2025-10-11;15:15:08;0.012;0.013;0.094;0.044
2025-10-11;15:16:08;0.008;0.01;0.091;0.044
2025-10-11;15:17:08;0.005;0.006;0.093;0.045
2025-10-11;15:18:08;0.007;0.007;0.091;0.045
2025-10-11;15:19:08;0.006;0.007;0.094;0.045
2025-10-11;15:20:08;0.012;0.012;0.091;0.043
2025-10-11;15:21:09;0.009;0.009;0.092;0.046
2025-10-11;15:22:09;0.009;0.009;0.091;0.044
2025-10-11;15:23:09;0.006;0.005;0.091;0.045
2025-10-11;15:24:09;0.006;0.004;0.094;0.045
2025-10-11;15:25:09;0.006;0.007;0.091;0.045
2025-10-11;15:26:09;0.011;0.012;0.091;0.042
2025-10-11;15:27:09;0.011;0.013;0.091;0.044
2025-10-11;15:28:09;0.007;0.007;0.093;0.042
2025-10-11;15:29:10;0.006;0.007;0.094;0.044
2025-10-11;15:30:10;0.011;0.013;0.094;0.043
2025-10-11;15:31:10;0.007;0.006;0.09;0.042
2025-10-11;15:32:10;0.009;0.009;0.093;0.042
2025-10-11;15:33:10;0.006;0.007;0.093;0.046
2025-10-11;15:34:10;0.009;0.008;0.094;0.047
2025-10-11;15:35:10;0.008;0.009;0.09;0.044
2025-10-11;15:36:10;0.009;0.009;0.093;0.044
2025-10-11;15:37:10;0.008;0.01;0.091;0.041
2025-10-11;15:38:11;0.009;0.01;0.091;0.045
2025-10-11;15:39:11;0.006;0.006;0.094;0.041
2025-10-11;15:40:11;0.006;0.006;0.091;0.045
2025-10-11;15:41:11;0.009;0.009;0.09;0.043
2025-10-11;15:42:11;0.008;0.007;0.095;0.046
2025-10-11;15:43:11;0.008;0.009;0.093;0.044
2025-10-11;15:44:11;0.009;0.009;0.09;0.043
2025-10-11;15:45:11;0.007;0.009;0.089;0.042
2025-10-11;15:46:12;0.007;0.007;0.094;0.043
2025-10-11;15:47:12;0.007;0.007;0.091;0.042
2025-10-11;15:48:12;0.006;0.007;0.093;0.042
2025-10-11;15:49:12;0.006;0.006;0.088;0.041
2025-10-11;15:50:12;0.008;0.009;0.09;0.043
2025-10-11;15:51:12;0.012;0.013;0.091;0.039
2025-10-11;15:52:12;0.006;0.008;0.09;0.041
2025-10-11;15:53:12;0.007;0.007;0.091;0.043
2025-10-11;15:54:13;0.008;0.007;0.091;0.042
2025-10-11;15:55:13;0.005;0.004;0.09;0.04
2025-10-11;15:56:13;0.008;0.01;0.09;0.044
2025-10-11;15:57:13;0.008;0.007;0.09;0.043
2025-10-11;15:58:13;0.009;0.01;0.089;0.042
2025-10-11;15:59:13;0.008;0.009;0.09;0.042
2025-10-11;16:00:13;0.005;0.005;0.09;0.042
2025-10-11;16:01:13;0.008;0.009;0.089;0.042
2025-10-11;16:02:13;0.007;0.007;0.091;0.043
2025-10-11;16:03:14;0.007;0.007;0.088;0.044
2025-10-11;16:04:14;0.009;0.011;0.09;0.04
2025-10-11;16:05:14;0.007;0.008;0.091;0.045
2025-10-11;16:06:14;0.011;0.012;0.092;0.039
2025-10-11;16:07:14;0.008;0.008;0.093;0.045
2025-10-11;16:08:14;0.007;0.006;0.09;0.042
2025-10-11;16:09:14;0.006;0.007;0.09;0.044
2025-10-11;16:10:14;0.005;0.005;0.089;0.041
2025-10-11;16:11:15;0.011;0.013;0.09;0.039
2025-10-11;16:12:15;0.008;0.008;0.09;0.041
2025-10-11;16:13:15;0.009;0.009;0.09;0.042
2025-10-11;16:14:15;0.009;0.009;0.089;0.042
2025-10-11;16:15:15;0.008;0.007;0.091;0.041
2025-10-11;16:16:15;0.007;0.009;0.09;0.041
2025-10-11;16:17:15;0.006;0.004;0.086;0.041
2025-10-11;16:18:15;0.007;0.007;0.089;0.044
2025-10-11;16:19:16;0.009;0.01;0.092;0.04
2025-10-11;16:20:16;0.008;0.009;0.089;0.039
2025-10-11;16:21:16;0.009;0.01;0.088;0.04
2025-10-11;16:22:16;0.007;0.006;0.086;0.04
2025-10-11;16:23:16;0.01;0.011;0.09;0.038
2025-10-11;16:24:16;0.007;0.008;0.087;0.044
2025-10-11;16:25:16;0.008;0.008;0.088;0.044
2025-10-11;16:26:16;0.01;0.011;0.089;0.04
2025-10-11;16:27:16;0.007;0.007;0.087;0.042
2025-10-11;16:28:17;0.006;0.007;0.088;0.042
2025-10-11;16:29:17;0.006;0.005;0.089;0.041
2025-10-11;16:30:17;0.008;0.008;0.088;0.041
2025-10-11;16:31:17;0.007;0.008;0.088;0.042
2025-10-11;16:32:17;0.01;0.01;0.089;0.042
2025-10-11;16:33:17;0.006;0.006;0.089;0.042
2025-10-11;16:34:17;0.011;0.012;0.089;0.041
2025-10-11;16:35:17;0.011;0.012;0.088;0.039
2025-10-11;16:36:18;0.007;0.009;0.087;0.042
2025-10-11;16:37:18;0.007;0.01;0.089;0.042
2025-10-11;16:38:18;0.011;0.012;0.088;0.037
2025-10-11;16:39:18;0.008;0.008;0.088;0.041
2025-10-11;16:40:18;0.01;0.01;0.088;0.039
2025-10-11;16:41:18;0.01;0.009;0.089;0.041
2025-10-11;16:42:18;0.01;0.01;0.088;0.039
2025-10-11;16:43:18;0.006;0.005;0.09;0.039
2025-10-11;16:44:19;0.007;0.007;0.088;0.041
2025-10-11;16:45:19;0.011;0.011;0.089;0.042
2025-10-11;16:46:19;0.007;0.008;0.09;0.042
2025-10-11;16:47:19;0.007;0.007;0.089;0.039
2025-10-11;16:48:19;0.009;0.01;0.09;0.04
2025-10-11;16:49:19;0.008;0.007;0.09;0.04
2025-10-11;16:50:19;0.007;0.006;0.085;0.042
2025-10-11;16:51:19;0.006;0.006;0.089;0.041
2025-10-11;16:52:19;0.006;0.005;0.084;0.042
2025-10-11;16:53:20;0.006;0.006;0.089;0.04
2025-10-11;16:54:20;0.005;0.004;0.089;0.04
2025-10-11;16:55:20;0.008;0.009;0.089;0.041
2025-10-11;16:56:20;0.008;0.009;0.089;0.042
2025-10-11;16:57:20;0.006;0.005;0.087;0.038
2025-10-11;16:58:20;0.009;0.01;0.088;0.04
2025-10-11;16:59:20;0.009;0.009;0.089;0.043
2025-10-11;17:00:20;0.006;0.006;0.088;0.044
2025-10-11;17:01:21;0.009;0.01;0.089;0.039
2025-10-11;17:02:21;0.008;0.008;0.09;0.04
2025-10-11;17:03:21;0.008;0.008;0.088;0.041
2025-10-11;17:04:21;0.008;0.008;0.087;0.045
2025-10-11;17:05:21;0.011;0.012;0.09;0.039
2025-10-11;17:06:21;0.01;0.01;0.088;0.042
2025-10-11;17:07:21;0.01;0.01;0.091;0.041
2025-10-11;17:08:21;0.008;0.008;0.091;0.04
2025-10-11;17:09:22;0.007;0.006;0.09;0.042
2025-10-11;17:10:22;0.006;0.006;0.087;0.04
2025-10-11;17:11:22;0.009;0.01;0.089;0.04
2025-10-11;17:12:22;0.01;0.009;0.09;0.038
2025-10-11;17:13:22;0.006;0.006;0.089;0.041
2025-10-11;17:14:22;0.008;0.006;0.088;0.041
2025-10-11;17:15:22;0.009;0.009;0.087;0.039
2025-10-11;17:16:22;0.007;0.007;0.09;0.04
2025-10-11;17:17:22;0.01;0.009;0.093;0.042
2025-10-11;17:18:23;0.008;0.008;0.088;0.038
2025-10-11;17:19:23;0.006;0.004;0.09;0.039
2025-10-11;17:20:23;0.005;0.005;0.09;0.039
2025-10-11;17:21:23;0.008;0.008;0.088;0.04
2025-10-11;17:22:23;0.012;0.013;0.09;0.038
2025-10-11;17:23:23;0.011;0.011;0.089;0.037
2025-10-11;17:24:23;0.007;0.008;0.09;0.04
2025-10-11;17:25:23;0.007;0.007;0.093;0.038
2025-10-11;17:26:24;0.009;0.009;0.093;0.041
2025-10-11;17:27:24;0.011;0.012;0.094;0.04
2025-10-11;17:28:24;0.007;0.007;0.091;0.04
2025-10-11;17:29:24;0.009;0.009;0.091;0.039
2025-10-11;17:30:24;0.011;0.012;0.09;0.037
2025-10-11;17:31:24;0.008;0.008;0.087;0.043
2025-10-11;17:32:24;0.011;0.013;0.088;0.039
2025-10-11;17:33:24;0.008;0.009;0.088;0.042
2025-10-11;17:34:25;0.005;0.006;0.088;0.041
2025-10-11;17:35:25;0.009;0.01;0.093;0.041
2025-10-11;17:36:25;0.007;0.007;0.09;0.04
2025-10-11;17:37:25;0.009;0.009;0.09;0.039
2025-10-11;17:38:25;0.011;0.012;0.088;0.038
2025-10-11;17:39:25;0.007;0.006;0.093;0.04
2025-10-11;17:40:25;0.007;0.007;0.09;0.04
2025-10-11;17:41:25;0.008;0.009;0.087;0.04
2025-10-11;17:42:25;0.012;0.012;0.093;0.039
2025-10-11;17:43:26;0.007;0.006;0.092;0.042
2025-10-11;17:44:26;0.007;0.007;0.089;0.039
2025-10-11;17:45:26;0.006;0.006;0.09;0.041
2025-10-11;17:46:26;0.006;0.006;0.089;0.04
2025-10-11;17:47:26;0.008;0.009;0.09;0.042
2025-10-11;17:48:26;0.009;0.009;0.092;0.043
2025-10-11;17:49:26;0.01;0.013;0.088;0.038
2025-10-11;17:50:26;0.007;0.007;0.09;0.042
2025-10-11;17:51:27;0.006;0.006;0.091;0.041
2025-10-11;17:52:27;0.01;0.012;0.091;0.038
2025-10-11;17:53:27;0.01;0.009;0.09;0.041
2025-10-11;17:54:27;0.01;0.012;0.09;0.036
2025-10-11;17:55:27;0.01;0.012;0.09;0.038
2025-10-11;17:56:27;0.009;0.009;0.09;0.043
2025-10-11;17:57:27;0.011;0.013;0.091;0.038
2025-10-11;17:58:27;0.007;0.009;0.09;0.039
2025-10-11;17:59:28;0.008;0.009;0.089;0.041
2025-10-11;18:00:28;0.008;0.009;0.092;0.04
2025-10-11;18:01:28;0.005;0.005;0.091;0.039
2025-10-11;18:02:28;0.009;0.009;0.089;0.041
2025-10-11;18:03:28;0.008;0.01;0.092;0.041
2025-10-11;18:04:28;0.006;0.004;0.09;0.039
2025-10-11;18:05:28;0.01;0.012;0.094;0.037
2025-10-11;18:06:28;0.007;0.008;0.089;0.039
2025-10-11;18:07:28;0.005;0.006;0.09;0.041
2025-10-11;18:08:29;0.01;0.011;0.091;0.038
2025-10-11;18:09:29;0.007;0.009;0.093;0.039
2025-10-11;18:10:29;0.012;0.012;0.093;0.041
2025-10-11;18:11:29;0.011;0.011;0.093;0.039
2025-10-11;18:12:29;0.012;0.012;0.095;0.038
2025-10-11;18:13:29;0.006;0.007;0.094;0.042
2025-10-11;18:14:29;0.008;0.009;0.093;0.039
2025-10-11;18:15:29;0.011;0.013;0.095;0.039
2025-10-11;18:16:30;0.007;0.007;0.09;0.044
2025-10-11;18:17:30;0.006;0.007;0.09;0.042
2025-10-11;18:18:30;0.006;0.006;0.091;0.043
2025-10-11;18:19:30;0.012;0.012;0.091;0.038
2025-10-11;18:20:30;0.006;0.006;0.093;0.041
2025-10-11;18:21:30;0.008;0.007;0.091;0.042
2025-10-11;18:22:30;0.008;0.009;0.093;0.043
2025-10-11;18:23:30;0.007;0.007;0.089;0.042
2025-10-11;18:24:31;0.008;0.008;0.093;0.042
2025-10-11;18:25:31;0.007;0.006;0.091;0.041
2025-10-11;18:26:31;0.011;0.012;0.093;0.041
2025-10-11;18:27:31;0.006;0.005;0.091;0.04
2025-10-11;18:28:31;0.012;0.013;0.093;0.041
2025-10-11;18:29:31;0.008;0.01;0.094;0.041
2025-10-11;18:30:31;0.008;0.009;0.093;0.041
2025-10-11;18:31:31;0.006;0.006;0.094;0.038
2025-10-11;18:32:31;0.012;0.012;0.094;0.039
2025-10-11;18:33:32;0.006;0.006;0.091;0.042
2025-10-11;18:34:32;0.008;0.009;0.094;0.041
2025-10-11;18:35:32;0.012;0.012;0.092;0.039
2025-10-11;18:36:32;0.01;0.01;0.092;0.042
2025-10-11;18:37:32;0.007;0.006;0.094;0.041
2025-10-11;18:38:32;0.005;0.006;0.091;0.039
2025-10-11;18:39:32;0.011;0.012;0.094;0.042
2025-10-11;18:40:32;0.006;0.006;0.091;0.039
2025-10-11;18:41:33;0.01;0.011;0.091;0.04
2025-10-11;18:42:33;0.007;0.007;0.095;0.043
2025-10-11;18:43:33;0.008;0.01;0.094;0.044
2025-10-11;18:44:33;0.005;0.005;0.09;0.042
2025-10-11;18:45:33;0.01;0.009;0.09;0.04
2025-10-11;18:46:33;0.009;0.01;0.095;0.042
2025-10-11;18:47:33;0.006;0.006;0.093;0.04
2025-10-11;18:48:33;0.006;0.005;0.095;0.04
2025-10-11;18:49:34;0.006;0.006;0.093;0.041
2025-10-11;18:50:34;0.007;0.007;0.093;0.042
2025-10-11;18:51:34;0.008;0.008;0.095;0.041
2025-10-11;18:52:34;0.006;0.007;0.091;0.042
2025-10-11;18:53:34;0.01;0.013;0.096;0.039
2025-10-11;18:54:34;0.005;0.005;0.092;0.04
2025-10-11;18:55:34;0.006;0.006;0.093;0.04
2025-10-11;18:56:34;0.006;0.007;0.094;0.041
2025-10-11;18:57:34;0.011;0.013;0.091;0.04
2025-10-11;18:58:35;0.006;0.007;0.092;0.041
2025-10-11;18:59:35;0.008;0.009;0.094;0.039
2025-10-11;19:00:35;0.007;0.007;0.094;0.04
2025-10-11;19:01:35;0.006;0.007;0.093;0.04
2025-10-11;19:02:35;0.008;0.009;0.093;0.04
2025-10-11;19:03:35;0.007;0.007;0.092;0.039
2025-10-11;19:04:35;0.006;0.006;0.095;0.04
2025-10-11;19:05:35;0.008;0.01;0.093;0.041
2025-10-11;19:06:36;0.005;0.006;0.093;0.039
2025-10-11;19:07:36;0.011;0.013;0.094;0.039
2025-10-11;19:08:36;0.011;0.011;0.093;0.039
2025-10-11;19:09:36;0.011;0.01;0.094;0.04
2025-10-11;19:10:36;0.007;0.007;0.093;0.04
2025-10-11;19:11:36;0.007;0.007;0.094;0.04
2025-10-11;19:12:36;0.007;0.007;0.094;0.039
2025-10-11;19:13:36;0.012;0.013;0.091;0.038
2025-10-11;19:14:37;0.009;0.009;0.092;0.039
2025-10-11;19:15:37;0.008;0.01;0.094;0.04
2025-10-11;19:16:37;0.007;0.008;0.093;0.041
2025-10-11;19:17:37;0.008;0.009;0.096;0.04
2025-10-11;19:18:37;0.009;0.01;0.095;0.04
2025-10-11;19:19:37;0.007;0.007;0.094;0.039
2025-10-11;19:20:37;0.009;0.01;0.096;0.043
2025-10-11;19:21:37;0.01;0.01;0.093;0.041
2025-10-11;19:22:37;0.01;0.01;0.094;0.04
2025-10-11;19:23:38;0.011;0.013;0.094;0.038
2025-10-11;19:24:38;0.006;0.005;0.094;0.042
2025-10-11;19:25:38;0.011;0.012;0.093;0.041
2025-10-11;19:26:38;0.009;0.01;0.093;0.043
2025-10-11;19:27:38;0.008;0.007;0.094;0.042
2025-10-11;19:28:38;0.007;0.007;0.095;0.04
2025-10-11;19:29:38;0.011;0.012;0.094;0.04
2025-10-11;19:30:38;0.012;0.013;0.095;0.04
2025-10-11;19:31:39;0.007;0.009;0.096;0.04
2025-10-11;19:32:39;0.006;0.006;0.094;0.042
2025-10-11;19:33:39;0.008;0.008;0.094;0.041
2025-10-11;19:34:39;0.006;0.007;0.093;0.042
2025-10-11;19:35:39;0.011;0.011;0.092;0.038
2025-10-11;19:36:39;0.008;0.007;0.095;0.044
2025-10-11;19:37:39;0.01;0.009;0.097;0.042
2025-10-11;19:38:39;0.009;0.009;0.095;0.038
2025-10-11;19:39:40;0.007;0.006;0.091;0.039
2025-10-11;19:40:40;0.005;0.006;0.093;0.041
2025-10-11;19:41:40;0.007;0.006;0.096;0.045
2025-10-11;19:42:40;0.007;0.007;0.094;0.044
2025-10-11;19:43:40;0.012;0.012;0.094;0.038
2025-10-11;19:44:40;0.008;0.008;0.097;0.042
2025-10-11;19:45:40;0.009;0.009;0.095;0.039
2025-10-11;19:46:40;0.007;0.007;0.094;0.042
2025-10-11;19:47:40;0.012;0.012;0.094;0.035
2025-10-11;19:48:41;0.01;0.009;0.096;0.039
2025-10-11;19:49:41;0.006;0.006;0.093;0.039
2025-10-11;19:50:41;0.009;0.01;0.095;0.039
2025-10-11;19:51:41;0.009;0.01;0.094;0.037
2025-10-11;19:52:41;0.006;0.005;0.095;0.041
2025-10-11;19:53:41;0.006;0.006;0.093;0.04
2025-10-11;19:54:41;0.009;0.009;0.094;0.04
2025-10-11;19:55:41;0.006;0.007;0.094;0.042
2025-10-11;19:56:42;0.006;0.007;0.092;0.04
2025-10-11;19:57:42;0.009;0.01;0.095;0.038
2025-10-11;19:58:42;0.009;0.01;0.096;0.04
2025-10-11;19:59:42;0.01;0.01;0.093;0.039
2025-10-11;20:00:42;0.008;0.009;0.094;0.04
2025-10-11;20:01:42;0.009;0.009;0.093;0.038
2025-10-11;20:02:42;0.008;0.009;0.098;0.04
2025-10-11;20:03:42;0.01;0.01;0.095;0.04
2025-10-11;20:04:43;0.012;0.013;0.096;0.04
2025-10-11;20:05:43;0.008;0.01;0.093;0.04
2025-10-11;20:06:43;0.008;0.007;0.096;0.041
2025-10-11;20:07:43;0.009;0.01;0.094;0.039
2025-10-11;20:08:43;0.004;0.004;0.093;0.036
2025-10-11;20:09:43;0.007;0.007;0.096;0.038
2025-10-11;20:10:43;0.009;0.009;0.095;0.039
2025-10-11;20:11:43;0.008;0.008;0.093;0.04
2025-10-11;20:12:43;0.009;0.009;0.092;0.04
2025-10-11;20:13:44;0.011;0.012;0.094;0.039
2025-10-11;20:14:44;0.01;0.01;0.095;0.038
2025-10-11;20:15:44;0.007;0.006;0.095;0.04
2025-10-11;20:16:44;0.009;0.008;0.094;0.039
2025-10-11;20:17:44;0.007;0.007;0.094;0.039
2025-10-11;20:18:44;0.011;0.013;0.094;0.039
2025-10-11;20:19:44;0.005;0.006;0.093;0.04
2025-10-11;20:20:44;0.006;0.006;0.092;0.042
2025-10-11;20:21:45;0.011;0.013;0.093;0.038
2025-10-11;20:22:45;0.006;0.006;0.095;0.04
2025-10-11;20:23:45;0.006;0.006;0.094;0.041
2025-10-11;20:24:45;0.01;0.009;0.094;0.039
2025-10-11;20:25:45;0.006;0.007;0.095;0.039
2025-10-11;20:26:45;0.006;0.005;0.094;0.038
2025-10-11;20:27:45;0.006;0.007;0.093;0.038
2025-10-11;20:28:45;0.007;0.007;0.097;0.039
2025-10-11;20:29:46;0.008;0.009;0.096;0.039
2025-10-11;20:30:46;0.007;0.006;0.092;0.041
2025-10-11;20:31:46;0.006;0.006;0.094;0.039
2025-10-11;20:32:46;0.01;0.011;0.09;0.04
2025-10-11;20:33:46;0.011;0.013;0.093;0.039
2025-10-11;20:34:46;0.007;0.009;0.094;0.042
2025-10-11;20:35:46;0.009;0.009;0.097;0.04
2025-10-11;20:36:46;0.01;0.01;0.095;0.04
2025-10-11;20:37:46;0.011;0.012;0.096;0.035
2025-10-11;20:38:47;0.008;0.007;0.094;0.04
2025-10-11;20:39:47;0.008;0.008;0.094;0.04
2025-10-11;20:40:47;0.006;0.005;0.093;0.038
2025-10-11;20:41:47;0.008;0.009;0.095;0.038
2025-10-11;20:42:47;0.007;0.007;0.094;0.04
2025-10-11;20:43:47;0.008;0.009;0.094;0.04
2025-10-11;20:44:47;0.008;0.009;0.092;0.04
2025-10-11;20:45:47;0.009;0.009;0.093;0.04
2025-10-11;20:46:48;0.01;0.013;0.093;0.037
2025-10-11;20:47:48;0.006;0.005;0.093;0.039
2025-10-11;20:48:48;0.009;0.01;0.093;0.039
2025-10-11;20:49:48;0.007;0.007;0.094;0.037
2025-10-11;20:50:48;0.011;0.012;0.092;0.037
2025-10-11;20:51:48;0.008;0.008;0.093;0.04
2025-10-11;20:52:48;0.007;0.009;0.093;0.039
2025-10-11;20:53:48;0.009;0.01;0.092;0.039
2025-10-11;20:54:49;0.009;0.009;0.094;0.038
2025-10-11;20:55:49;0.008;0.007;0.094;0.038
2025-10-11;20:56:49;0.01;0.009;0.094;0.041
2025-10-11;20:57:49;0.01;0.011;0.093;0.038
2025-10-11;20:58:49;0.006;0.006;0.091;0.04
2025-10-11;20:59:49;0.009;0.01;0.095;0.041
2025-10-11;21:00:49;0.007;0.006;0.093;0.04
2025-10-11;21:01:49;0.01;0.013;0.09;0.036
2025-10-11;21:02:49;0.007;0.008;0.093;0.042
2025-10-11;21:03:50;0.009;0.008;0.092;0.038
2025-10-11;21:04:50;0.006;0.007;0.091;0.038
2025-10-11;21:05:50;0.009;0.008;0.094;0.037
2025-10-11;21:06:50;0.007;0.007;0.09;0.038
2025-10-11;21:07:50;0.009;0.01;0.092;0.039
2025-10-11;21:08:50;0.011;0.011;0.094;0.035
2025-10-11;21:09:50;0.009;0.01;0.094;0.037
2025-10-11;21:10:50;0.011;0.012;0.091;0.037
2025-10-11;21:11:51;0.006;0.006;0.09;0.034
2025-10-11;21:12:51;0.006;0.005;0.093;0.039
2025-10-11;21:13:51;0.007;0.008;0.091;0.038
2025-10-11;21:14:51;0.004;0.005;0.091;0.037
2025-10-11;21:15:51;0.008;0.009;0.091;0.036
2025-10-11;21:16:51;0.011;0.012;0.091;0.033
2025-10-11;21:17:51;0.006;0.005;0.09;0.037
2025-10-11;21:18:51;0.009;0.011;0.091;0.035
2025-10-11;21:19:52;0.011;0.012;0.091;0.036
2025-10-11;21:20:52;0.012;0.012;0.093;0.037
2025-10-11;21:21:52;0.009;0.01;0.091;0.038
2025-10-11;21:22:52;0.006;0.007;0.09;0.039
2025-10-11;21:23:52;0.006;0.005;0.097;0.038
2025-10-11;21:24:52;0.01;0.012;0.09;0.035
2025-10-11;21:25:52;0.011;0.013;0.09;0.035
2025-10-11;21:26:52;0.006;0.007;0.094;0.036
2025-10-11;21:27:52;0.008;0.008;0.09;0.035
2025-10-11;21:28:53;0.011;0.012;0.089;0.035
2025-10-11;21:29:53;0.005;0.006;0.092;0.035
2025-10-11;21:30:53;0.009;0.009;0.093;0.038
2025-10-11;21:31:53;0.009;0.009;0.091;0.035
2025-10-11;21:32:53;0.008;0.008;0.092;0.038
2025-10-11;21:33:53;0.007;0.006;0.091;0.037
2025-10-11;21:34:53;0.007;0.007;0.094;0.032
2025-10-11;21:35:53;0.006;0.007;0.095;0.038
2025-10-11;21:36:54;0.011;0.012;0.093;0.035
2025-10-11;21:37:54;0.01;0.013;0.092;0.034
2025-10-11;21:38:54;0.007;0.007;0.091;0.035
2025-10-11;21:39:54;0.006;0.005;0.092;0.037
2025-10-11;21:40:54;0.008;0.007;0.091;0.038
2025-10-11;21:41:54;0.009;0.01;0.092;0.035
2025-10-11;21:42:54;0.009;0.01;0.093;0.033
2025-10-11;21:43:54;0.01;0.012;0.091;0.034
2025-10-11;21:44:55;0.007;0.008;0.09;0.037
2025-10-11;21:45:55;0.01;0.013;0.091;0.033
2025-10-11;21:46:55;0.008;0.006;0.092;0.035
2025-10-11;21:47:55;0.009;0.009;0.089;0.036
2025-10-11;21:48:55;0.01;0.011;0.088;0.034
2025-10-11;21:49:55;0.007;0.007;0.092;0.033
2025-10-11;21:50:55;0.008;0.007;0.091;0.033
2025-10-11;21:51:55;0.009;0.01;0.092;0.035
2025-10-11;21:52:55;0.005;0.006;0.089;0.038
2025-10-11;21:53:56;0.005;0.006;0.092;0.034
2025-10-11;21:54:56;0.006;0.005;0.089;0.034
2025-10-11;21:55:56;0.009;0.01;0.09;0.035
2025-10-11;21:56:56;0.008;0.008;0.092;0.032
2025-10-11;21:57:56;0.013;0.013;0.09;0.033
2025-10-11;21:58:56;0.007;0.007;0.09;0.038
2025-10-11;21:59:56;0.011;0.014;0.092;0.033
2025-10-11;22:00:56;0.007;0.006;0.088;0.035
2025-10-11;22:01:57;0.007;0.007;0.094;0.035
2025-10-11;22:02:57;0.008;0.008;0.09;0.033
2025-10-11;22:03:57;0.006;0.007;0.09;0.031
2025-10-11;22:04:57;0.007;0.009;0.09;0.032
2025-10-11;22:05:57;0.009;0.008;0.092;0.032
2025-10-11;22:06:57;0.007;0.007;0.089;0.035
2025-10-11;22:07:57;0.007;0.007;0.089;0.035
2025-10-11;22:08:57;0.007;0.009;0.09;0.032
2025-10-11;22:09:58;0.009;0.01;0.091;0.032
2025-10-11;22:10:58;0.008;0.007;0.088;0.033
2025-10-11;22:11:58;0.011;0.013;0.094;0.033
2025-10-11;22:12:58;0.01;0.01;0.09;0.032
2025-10-11;22:13:58;0.006;0.006;0.089;0.033
2025-10-11;22:14:58;0.008;0.007;0.091;0.037
2025-10-11;22:15:58;0.007;0.007;0.089;0.034
2025-10-11;22:16:58;0.012;0.012;0.089;0.032
2025-10-11;22:17:58;0.008;0.01;0.089;0.035
2025-10-11;22:18:59;0.005;0.006;0.09;0.032
2025-10-11;22:19:59;0.012;0.013;0.091;0.034
2025-10-11;22:20:59;0.007;0.007;0.088;0.035
2025-10-11;22:21:59;0.006;0.006;0.09;0.033
2025-10-11;22:22:59;0.007;0.008;0.09;0.033
2025-10-11;22:23:59;0.009;0.01;0.092;0.034
2025-10-11;22:24:59;0.007;0.007;0.088;0.035
2025-10-11;22:25:59;0.011;0.013;0.09;0.035
2025-10-11;22:27:00;0.011;0.012;0.089;0.031
2025-10-11;22:28:00;0.009;0.009;0.092;0.031
2025-10-11;22:29:00;0.008;0.01;0.088;0.034
2025-10-11;22:30:00;0.01;0.011;0.091;0.031
2025-10-11;22:31:00;0.006;0.007;0.09;0.032
2025-10-11;22:32:00;0.007;0.007;0.09;0.034
2025-10-11;22:33:00;0.011;0.013;0.091;0.033
2025-10-11;22:34:00;0.007;0.006;0.085;0.033
2025-10-11;22:35:01;0.011;0.011;0.088;0.032
2025-10-11;22:36:01;0.008;0.009;0.09;0.033
2025-10-11;22:37:01;0.007;0.007;0.09;0.034
2025-10-11;22:38:01;0.006;0.006;0.091;0.035
2025-10-11;22:39:01;0.006;0.007;0.088;0.035
2025-10-11;22:40:01;0.006;0.007;0.09;0.035
2025-10-11;22:41:01;0.007;0.007;0.092;0.035
2025-10-11;22:42:01;0.006;0.005;0.09;0.035
2025-10-11;22:43:01;0.009;0.009;0.09;0.035
2025-10-11;22:44:02;0.009;0.01;0.09;0.034
2025-10-11;22:45:02;0.01;0.011;0.091;0.031
2025-10-11;22:46:02;0.006;0.006;0.09;0.033
2025-10-11;22:47:02;0.006;0.007;0.094;0.035
2025-10-11;22:48:02;0.007;0.007;0.09;0.035
2025-10-11;22:49:02;0.01;0.011;0.09;0.035
2025-10-11;22:50:02;0.006;0.006;0.088;0.033
2025-10-11;22:51:02;0.007;0.007;0.091;0.034
2025-10-11;22:52:03;0.011;0.013;0.091;0.031
2025-10-11;22:53:03;0.011;0.012;0.091;0.031
2025-10-11;22:54:03;0.01;0.009;0.091;0.034
2025-10-11;22:55:03;0.011;0.011;0.09;0.033
2025-10-11;22:56:03;0.01;0.012;0.091;0.033
2025-10-11;22:57:03;0.006;0.006;0.094;0.035
2025-10-11;22:58:03;0.006;0.006;0.092;0.034
2025-10-11;22:59:03;0.008;0.008;0.091;0.035
2025-10-11;23:00:04;0.008;0.01;0.093;0.033
2025-10-11;23:01:04;0.006;0.005;0.092;0.035
2025-10-11;23:02:04;0.008;0.009;0.088;0.035
2025-10-11;23:03:04;0.01;0.013;0.091;0.032
2025-10-11;23:04:04;0.007;0.007;0.091;0.035
2025-10-11;23:05:04;0.007;0.006;0.093;0.035
2025-10-11;23:06:04;0.009;0.01;0.092;0.034
2025-10-11;23:07:04;0.008;0.008;0.091;0.037
2025-10-11;23:08:04;0.008;0.008;0.093;0.035
2025-10-11;23:09:05;0.006;0.006;0.091;0.037
2025-10-11;23:10:05;0.011;0.012;0.091;0.036
2025-10-11;23:11:05;0.006;0.006;0.097;0.035
2025-10-11;23:12:05;0.011;0.011;0.095;0.032
2025-10-11;23:13:05;0.009;0.008;0.092;0.035
2025-10-11;23:14:05;0.007;0.008;0.096;0.035
2025-10-11;23:15:05;0.006;0.007;0.096;0.036
2025-10-11;23:16:05;0.01;0.009;0.093;0.036
2025-10-11;23:17:06;0.009;0.009;0.097;0.034
2025-10-11;23:18:06;0.011;0.012;0.093;0.038
2025-10-11;23:19:06;0.006;0.007;0.095;0.039
2025-10-11;23:20:06;0.01;0.009;0.092;0.034
2025-10-11;23:21:06;0.007;0.006;0.097;0.038
2025-10-11;23:22:06;0.007;0.007;0.095;0.038
2025-10-11;23:23:06;0.007;0.007;0.098;0.04
2025-10-11;23:24:06;0.006;0.005;0.099;0.036
2025-10-11;23:25:07;0.008;0.009;0.093;0.036
2025-10-11;23:26:07;0.006;0.004;0.095;0.038
2025-10-11;23:27:07;0.01;0.012;0.097;0.036
2025-10-11;23:28:07;0.008;0.007;0.095;0.038
2025-10-11;23:29:07;0.009;0.009;0.095;0.039
2025-10-11;23:30:07;0.011;0.013;0.097;0.04
2025-10-11;23:31:07;0.009;0.01;0.097;0.036
2025-10-11;23:32:07;0.007;0.008;0.095;0.036
2025-10-11;23:33:07;0.006;0.005;0.098;0.036
2025-10-11;23:34:08;0.008;0.009;0.096;0.037
2025-10-11;23:35:08;0.011;0.013;0.096;0.037
2025-10-11;23:36:08;0.007;0.007;0.097;0.043
2025-10-11;23:37:08;0.01;0.01;0.096;0.038
2025-10-11;23:38:08;0.006;0.006;0.1;0.039
2025-10-11;23:39:08;0.009;0.009;0.097;0.039
2025-10-11;23:40:08;0.008;0.008;0.098;0.04
2025-10-11;23:41:08;0.006;0.005;0.098;0.04
2025-10-11;23:42:09;0.007;0.007;0.098;0.04
2025-10-11;23:43:09;0.011;0.012;0.097;0.038
2025-10-11;23:44:09;0.011;0.012;0.097;0.035
2025-10-11;23:45:09;0.011;0.013;0.098;0.037
2025-10-11;23:46:09;0.01;0.01;0.099;0.037
2025-10-11;23:47:09;0.007;0.006;0.099;0.041
2025-10-11;23:48:09;0.011;0.012;0.096;0.037
2025-10-11;23:49:09;0.011;0.012;0.096;0.038
2025-10-11;23:50:10;0.009;0.009;0.099;0.041
2025-10-11;23:51:10;0.007;0.007;0.1;0.039
2025-10-11;23:52:10;0.006;0.007;0.098;0.04
2025-10-11;23:53:10;0.011;0.01;0.097;0.038
2025-10-11;23:54:10;0.012;0.012;0.097;0.038
2025-10-11;23:55:10;0.007;0.007;0.097;0.041
2025-10-11;23:56:10;0.006;0.006;0.098;0.038
2025-10-11;23:57:10;0.008;0.009;0.099;0.039
2025-10-11;23:58:10;0.009;0.009;0.096;0.042
2025-10-11;23:59:11;0.007;0.007;0.098;0.042
